{"cameraMode":{"drawMode":0,"name":"Shaded","section":"Shading Mode"},"sceneLighting":false,"audioPlay":false,"sceneViewState":{"showFog":false,"showMaterialUpdate":false,"showSkybox":false,"showFlares":false,"showImageEffects":false,"showParticleSystems":false},"in2DMode":false,"pivot":{"x":0.0004410743713378906,"y":5093.970703125,"z":-0.00017023086547851563},"rotation":{"x":0.25504550337791445,"y":0.02726651541888714,"z":-0.007196403574198484,"w":0.9665177464485169},"size":6262.04931640625,"orthographic":false}